uid, title
0fee4ad8-12b4-440b-a30f-5d66360b44c3,S1A_IW_GRDH_1SDV_20190520T170656_20190520T170721_027314_03149B_18BE
1d4d9999-0bf4-4de3-9173-1c16cac15765,S1A_IW_GRDH_1SDV_20190520T170721_20190520T170746_027314_03149B_961E
3964ac11-eaaa-4d87-a346-e262b994dcde,S1B_IW_GRDH_1SDV_20180920T130644_20180920T130713_012799_017A0D_E885
e0c9c5ec-67f4-4962-ab41-5a5561df2758,S1B_IW_GRDH_1SDV_20181120T234914_20181120T234939_013695_0195D4_BD5F
e973ef68-ec0d-4a90-9bb8-53378a838dcb,S1B_IW_GRDH_1SDV_20181120T234844_20181120T234914_013695_0195D4_2692
46509cb1-ac7e-41a9-bd19-b88828eb7e04,S1A_EW_GRDM_1SDH_20190521T130721_20190521T130821_027326_031500_7775
898c7c96-ce0f-4f66-bf00-dccf81422324,S1A_IW_GRDH_1SDV_20190521T124619_20190521T124648_027326_0314FF_09C8
ed5c9c38-b8a4-4744-8c8f-b9a9258c90e9,S1A_IW_GRDH_1SDV_20180604T172317_20180604T172342_022210_026718_6FBC
acfc1852-ab3a-460a-93eb-bae846fd05da,S2A_MSIL2A_20180604T103021_N0208_R108_T32TMT_20180604T165443
62096380-ea68-42f1-b02d-fa34b611b754,S2A_MSIL2A_20180604T103021_N0208_R108_T32TNT_20180604T165443
88605485-103e-4b7f-b1a4-871654c7f230,S2A_MSIL2A_20180604T103021_N0208_R108_T32TNS_20180604T165443
49066a33-6a09-4df5-828b-9f3aebda4311,S2A_MSIL2A_20180604T103021_N0208_R108_T32TMS_20180604T165443
9102386a-83e2-4bad-9e46-e2dec76bd6a4,S2B_MSIL2A_20180623T101029_N0208_R022_T32TPS_20180623T131922
650c2e15-532c-482a-a652-34ecc83c713e,S2B_MSIL2A_20180623T101029_N0208_R022_T32TNT_20180623T131922
bbee7dab-ddb8-4921-87e1-7bcacec50971,S2B_MSIL2A_20180616T102019_N0208_R065_T32TPT_20180616T162410
98a9078c-73ca-4756-9772-658fdc615e17,S2A_MSIL2A_20180311T130301_N0206_R038_T27WXN_20180311T163622
7803fe25-4aa9-469b-aa61-362f7d595716,S2A_MSIL2A_20180311T130301_N0206_R038_T27WXM_20180311T163622
119fa1d8-b16f-435c-9e67-0fd863999e4e,S2A_MSIL2A_20180311T130301_N0206_R038_T27WWN_20180311T163622
dbdbb712-58ee-4870-ad96-66ec8afe257a,S2A_MSIL2A_20180311T130301_N0206_R038_T27WWM_20180311T163622
d177067c-0768-4c5f-9c9d-a463a5821fb9,S2B_MSIL2A_20190103T081329_N0211_R078_T35NRC_20190103T105424
eeac9b7b-814c-4a90-b486-d94180494d2f,S2B_MSIL2A_20190103T081329_N0211_R078_T35NRB_20190103T105424
782f5fbc-29ae-46c2-bd39-c9971ddbb241,S2B_MSIL2A_20190103T081329_N0211_R078_T36NTG_20190103T105424
ea6c82a8-4d7e-4591-83e9-8d0df2d95836,S2A_MSIL1C_20180311T145721_N0206_R039_T19NFG_20180311T181650
29db6674-3f20-4c8f-a812-9b27fab32d6c,S2A_MSIL1C_20180311T145721_N0206_R039_T19NGH_20180311T181650
1d40958a-4f13-41ec-8643-e9758a21a2ff,S2A_MSIL1C_20180311T145721_N0206_R039_T19NGG_20180311T181650
bea90e72-a69f-458f-9e3b-1e3e5dbfd144,S2A_MSIL1C_20180311T145721_N0206_R039_T19NFH_20180311T181650
86b3f68a-6352-427b-8b0a-b9fcc15f83de,S2A_MSIL2A_20181224T104441_N0211_R008_T31UFT_20181224T120348
687c314d-e9e4-4f03-a523-5d1bb47d71f6,S2A_MSIL2A_20181224T104441_N0211_R008_T31UFU_20181224T120348
7f66c53e-09c8-4e53-9b94-92dab1daa3cc,S2A_MSIL2A_20181204T104411_N0211_R008_T31UFU_20181204T120451
edd49211-af4c-44fd-af8d-992eedacd166,S2A_MSIL2A_20181117T105321_N0210_R051_T31UFT_20181117T121932
c0dd1313-dbbc-4887-9a7b-3cee9e803ab1,S2A_MSIL2A_20181117T105321_N0210_R051_T31UFU_20181117T121932
11bb5236-f8ee-498e-b647-574455d00f09,S2A_MSIL2A_20181028T105141_N0209_R051_T31UFU_20181028T135837
c0ebdc4f-a663-490c-8560-29363bb0499d,S2A_MSIL2A_20181015T104021_N0209_R008_T31UFU_20181015T134752
c5722a25-e7c7-47e9-804c-cb7cc139aa88,S2B_MSIL2A_20181010T104019_N0209_R008_T31UFT_20181010T171128
7d4644df-687c-45b9-9c21-288d9b46d1ed,S2B_MSIL2A_20181010T104019_N0209_R008_T31UFU_20181010T171128
c0357c6d-3910-423a-883e-755e6ffba398,S2A_MSIL2A_20180918T105021_N0208_R051_T31UFT_20180918T141223
3e8bbcd8-af88-467b-9172-888057959567,S2B_MSIL2A_20180913T105019_N0208_R051_T31UFU_20180913T141638
c0ca6cbb-6748-4fbb-9ab3-0b156caf1983,S2B_MSIL2A_20180913T105019_N0208_R051_T31UFT_20180913T141638
d40f811a-e1a1-4967-a490-ab675e65f19e,S2A_MSIL2A_20180806T104021_N0208_R008_T31UFT_20180806T142805
4bb51557-3450-43bd-8601-fb80ccf2064c,S2A_MSIL2A_20180806T104021_N0208_R008_T31UFU_20180806T142805
099126c8-fada-44e8-9f72-2d13841645bc,S2A_MSIL2A_20180717T104021_N0208_R008_T31UFU_20180717T164745
4bc16fb9-4204-495f-bcd5-84a6d4bba819,S2B_MSIL2A_20180715T105029_N0208_R051_T31UFT_20180715T152821
2a5051f2-aa40-4e4d-b096-e39d5ce5ba3a,S2B_MSIL2A_20180715T105029_N0208_R051_T31UFU_20180715T152821
d37d8249-60b3-490c-974e-bd2b0f615393,S2B_MSIL2A_20180712T104019_N0208_R008_T31UFT_20180712T150813
4e777a0c-69fd-4a0b-833e-5b679536b6eb,S2A_MSIL2A_20180707T104021_N0208_R008_T31UFU_20180707T140903
f813f941-5e71-43ea-9074-fd26c99e580a,S2B_MSIL2A_20180702T104019_N0208_R008_T31UFU_20180702T150728
6e9f4501-ff9f-43b4-bf38-50623f4166ab,S2B_MSIL2A_20180702T104019_N0208_R008_T31UFT_20180702T150728
22306801-c9b5-4163-9c03-ab81e1f94478,S2A_MSIL2A_20180630T105031_N0208_R051_T31UFT_20180630T144133
0fd9f6e8-0a7f-4a0d-bf71-94806ade35a9,S2A_MSIL2A_20180630T105031_N0208_R051_T31UFU_20180630T144133
350b9656-05b0-4633-aeca-6723c9453a29,S2A_MSIL2A_20180607T104021_N0208_R008_T31UFU_20180607T132721
3e4d1a09-9d91-4220-af04-2f83e65455be,S2A_MSIL2A_20180528T104021_N0208_R008_T31UFU_20180528T112321
8633e2bd-aff9-480f-a93d-78c83c861395,S2B_MSIL2A_20180526T105029_N0208_R051_T31UFU_20180526T141411
84a8fa8e-bbb8-4cfd-b8d8-d315de866012,S2B_MSIL2A_20180526T105029_N0208_R051_T31UFT_20180526T141411
d91bf4ca-f416-4c62-a89a-34628132826d,S2A_MSIL2A_20180521T105031_N0207_R051_T31UFU_20180521T111327
7b65afda-3dfd-4f90-beb4-e2749e3c9087,S2A_MSIL2A_20180521T105031_N0207_R051_T31UFT_20180521T111327
89b94f10-b0ef-4b7b-87b8-944649b27ebc,S2B_MSIL2A_20180506T105029_N0207_R051_T31UFU_20180509T155709
ea13b78d-ac33-4035-98eb-3fa41355590f,S2B_MSIL2A_20180506T105029_N0207_R051_T31UFT_20180509T155709
1876e921-b852-4eae-9d8f-df29bcd2484d,S2A_MSIL2A_20180508T104031_N0207_R008_T31UFT_20180508T175127
74c25daa-514d-46c7-8514-163a57e86419,S2A_MSIL2A_20180508T104031_N0207_R008_T31UFU_20180508T175127
8253bbbf-e28f-416c-9dd6-9858c564f747,S2B_MSIL2A_20180503T104019_N0207_R008_T31UFU_20180503T132654
b3dfab9d-759a-4707-916f-48c9e0045896,S2A_MSIL2A_20180421T105031_N0207_R051_T31UFT_20180421T125911
1a95ed79-0d29-4384-bfe3-c95196bc0e1e,S2A_MSIL2A_20180421T105031_N0207_R051_T31UFU_20180421T111316
b8275cd6-ffc9-4109-8f5e-f256c575ab57,S2A_MSIL2A_20180421T105031_N0207_R051_T31UFT_20180421T111316
2e7d2a54-05d8-42d9-8868-ff2cee1d4bd9,S2A_MSIL2A_20180418T104021_N0207_R008_T31UFU_20180418T125356
a86b6494-0dfc-4ccf-842b-7c06e3831723,S3A_OL_1_EFR____20180603T092800_20180603T093100_20180604T140652_0179_032_036_2160_LN1_O_NT_002
